Tool,Document ID,Sentence ID,Document,S,V,O/A,LOCATION,TIME,Sentence
Senna,1,1,"=hyperlink(""/Users/admin/Desktop/EMORY/Academics/Spring_2021/SOC497R/NLP2/sampleData/test/The Three Little Pigs.txt"")",she,keep,them,,,"THERE was an old sow with three little pigs , and as she had not enough to keep them , she sent them out to seek their fortune . "
Senna,1,1,"=hyperlink(""/Users/admin/Desktop/EMORY/Academics/Spring_2021/SOC497R/NLP2/sampleData/test/The Three Little Pigs.txt"")",she,sent,them,,,"THERE was an old sow with three little pigs , and as she had not enough to keep them , she sent them out to seek their fortune . "
Senna,1,1,"=hyperlink(""/Users/admin/Desktop/EMORY/Academics/Spring_2021/SOC497R/NLP2/sampleData/test/The Three Little Pigs.txt"")",fortune,seek,,,,"THERE was an old sow with three little pigs , and as she had not enough to keep them , she sent them out to seek their fortune . "
Senna,1,2,"=hyperlink(""/Users/admin/Desktop/EMORY/Academics/Spring_2021/SOC497R/NLP2/sampleData/test/The Three Little Pigs.txt"")",,went off,,,,"The first that went off met a man with a bundle of straw , and said to him : "" Please , man , give me that straw to build me a house . "" "
Senna,1,2,"=hyperlink(""/Users/admin/Desktop/EMORY/Academics/Spring_2021/SOC497R/NLP2/sampleData/test/The Three Little Pigs.txt"")",,met,man,,,"The first that went off met a man with a bundle of straw , and said to him : "" Please , man , give me that straw to build me a house . "" "
Senna,1,2,"=hyperlink(""/Users/admin/Desktop/EMORY/Academics/Spring_2021/SOC497R/NLP2/sampleData/test/The Three Little Pigs.txt"")",him,said,,,,"The first that went off met a man with a bundle of straw , and said to him : "" Please , man , give me that straw to build me a house . "" "
Senna,1,2,"=hyperlink(""/Users/admin/Desktop/EMORY/Academics/Spring_2021/SOC497R/NLP2/sampleData/test/The Three Little Pigs.txt"")",me,give,,,,"The first that went off met a man with a bundle of straw , and said to him : "" Please , man , give me that straw to build me a house . "" "
Senna,1,2,"=hyperlink(""/Users/admin/Desktop/EMORY/Academics/Spring_2021/SOC497R/NLP2/sampleData/test/The Three Little Pigs.txt"")",me,build,,,,"The first that went off met a man with a bundle of straw , and said to him : "" Please , man , give me that straw to build me a house . "" "
Open IE,1,3,"=hyperlink(""/Users/admin/Desktop/EMORY/Academics/Spring_2021/SOC497R/NLP2/sampleData/test/The Three Little Pigs.txt"")",pig,built,house,,,"Which the man did, and the little pig built a house with it."
Open IE,1,3,"=hyperlink(""/Users/admin/Desktop/EMORY/Academics/Spring_2021/SOC497R/NLP2/sampleData/test/The Three Little Pigs.txt"")",pig,built,it,,,"Which the man did, and the little pig built a house with it."
Senna,1,3,"=hyperlink(""/Users/admin/Desktop/EMORY/Academics/Spring_2021/SOC497R/NLP2/sampleData/test/The Three Little Pigs.txt"")",man,did,,,,"Which the man did , and the little pig built a house with it. "
Senna,1,3,"=hyperlink(""/Users/admin/Desktop/EMORY/Academics/Spring_2021/SOC497R/NLP2/sampleData/test/The Three Little Pigs.txt"")",pig,built,house,,,"Which the man did , and the little pig built a house with it. "
Senna,1,4,"=hyperlink(""/Users/admin/Desktop/EMORY/Academics/Spring_2021/SOC497R/NLP2/sampleData/test/The Three Little Pigs.txt"")",pig,said,,,,"Presently came along a wolf , and knocked at the door , and said : "" Little pig , little pig , let me come in. "" "
Senna,1,4,"=hyperlink(""/Users/admin/Desktop/EMORY/Academics/Spring_2021/SOC497R/NLP2/sampleData/test/The Three Little Pigs.txt"")",me,let,,,,"Presently came along a wolf , and knocked at the door , and said : "" Little pig , little pig , let me come in. "" "
Senna,1,4,"=hyperlink(""/Users/admin/Desktop/EMORY/Academics/Spring_2021/SOC497R/NLP2/sampleData/test/The Three Little Pigs.txt"")",me,come,,,"in. ""","Presently came along a wolf , and knocked at the door , and said : "" Little pig , little pig , let me come in. "" "
Open IE,1,5,"=hyperlink(""/Users/admin/Desktop/EMORY/Academics/Spring_2021/SOC497R/NLP2/sampleData/test/The Three Little Pigs.txt"")",pig,answered,hair chiny chin chin,,,"To which the pig answered: ""No, no, by the hair of my chiny chin chin."""
Senna,1,5,"=hyperlink(""/Users/admin/Desktop/EMORY/Academics/Spring_2021/SOC497R/NLP2/sampleData/test/The Three Little Pigs.txt"")",pig,answered,hair,,,"To which the pig answered : "" No , no , by the hair of my chiny chin chin . "" "
Open IE,1,6,"=hyperlink(""/Users/admin/Desktop/EMORY/Academics/Spring_2021/SOC497R/NLP2/sampleData/test/The Three Little Pigs.txt"")",I,blow,house,,,"The wolf then answered to that: ""Then I'll huff, and I'll puff, and I'll blow your house in."""
Senna,1,6,"=hyperlink(""/Users/admin/Desktop/EMORY/Academics/Spring_2021/SOC497R/NLP2/sampleData/test/The Three Little Pigs.txt"")",wolf,answered,,,then,"The wolf then answered to that : "" Then I 'll huff , and I 'll puff , and I 'll blow your house in. "" "
Senna,1,6,"=hyperlink(""/Users/admin/Desktop/EMORY/Academics/Spring_2021/SOC497R/NLP2/sampleData/test/The Three Little Pigs.txt"")",I,huff,,,Then,"The wolf then answered to that : "" Then I 'll huff , and I 'll puff , and I 'll blow your house in. "" "
Senna,1,6,"=hyperlink(""/Users/admin/Desktop/EMORY/Academics/Spring_2021/SOC497R/NLP2/sampleData/test/The Three Little Pigs.txt"")",I,puff,,,,"The wolf then answered to that : "" Then I 'll huff , and I 'll puff , and I 'll blow your house in. "" "
Senna,1,6,"=hyperlink(""/Users/admin/Desktop/EMORY/Academics/Spring_2021/SOC497R/NLP2/sampleData/test/The Three Little Pigs.txt"")",I,blow,house,,,"The wolf then answered to that : "" Then I 'll huff , and I 'll puff , and I 'll blow your house in. "" "
Open IE,1,7,"=hyperlink(""/Users/admin/Desktop/EMORY/Academics/Spring_2021/SOC497R/NLP2/sampleData/test/The Three Little Pigs.txt"")",he,ate,pig,,,"So he huffed, and he puffed, and he blew his house in, and ate up the little pig."
Open IE,1,7,"=hyperlink(""/Users/admin/Desktop/EMORY/Academics/Spring_2021/SOC497R/NLP2/sampleData/test/The Three Little Pigs.txt"")",he,blew,house,,,"So he huffed, and he puffed, and he blew his house in, and ate up the little pig."
Senna,1,7,"=hyperlink(""/Users/admin/Desktop/EMORY/Academics/Spring_2021/SOC497R/NLP2/sampleData/test/The Three Little Pigs.txt"")",he,puffed,,,,"So he huffed , and he puffed , and he blew his house in , and ate up the little pig . "
Senna,1,7,"=hyperlink(""/Users/admin/Desktop/EMORY/Academics/Spring_2021/SOC497R/NLP2/sampleData/test/The Three Little Pigs.txt"")",he,blew,house,,,"So he huffed , and he puffed , and he blew his house in , and ate up the little pig . "
Senna,1,7,"=hyperlink(""/Users/admin/Desktop/EMORY/Academics/Spring_2021/SOC497R/NLP2/sampleData/test/The Three Little Pigs.txt"")",he,ate up,pig,,,"So he huffed , and he puffed , and he blew his house in , and ate up the little pig . "
Open IE,1,8,"=hyperlink(""/Users/admin/Desktop/EMORY/Academics/Spring_2021/SOC497R/NLP2/sampleData/test/The Three Little Pigs.txt"")",pig,met,man,,,"The second little, pig met a man with a bundle of furze, and said: ""Please, man, give me that furze to build a house."""
Open IE,1,8,"=hyperlink(""/Users/admin/Desktop/EMORY/Academics/Spring_2021/SOC497R/NLP2/sampleData/test/The Three Little Pigs.txt"")",pig,met,man bundle,,,"The second little, pig met a man with a bundle of furze, and said: ""Please, man, give me that furze to build a house."""
Open IE,1,8,"=hyperlink(""/Users/admin/Desktop/EMORY/Academics/Spring_2021/SOC497R/NLP2/sampleData/test/The Three Little Pigs.txt"")",pig,met,man bundle furze,,,"The second little, pig met a man with a bundle of furze, and said: ""Please, man, give me that furze to build a house."""
Senna,1,8,"=hyperlink(""/Users/admin/Desktop/EMORY/Academics/Spring_2021/SOC497R/NLP2/sampleData/test/The Three Little Pigs.txt"")",pig,met,man,,The second little,"The second little , pig met a man with a bundle of furze , and said : "" Please , man , give me that furze to build a house . "" "
Senna,1,8,"=hyperlink(""/Users/admin/Desktop/EMORY/Academics/Spring_2021/SOC497R/NLP2/sampleData/test/The Three Little Pigs.txt"")",pig,said,,,,"The second little , pig met a man with a bundle of furze , and said : "" Please , man , give me that furze to build a house . "" "
Senna,1,8,"=hyperlink(""/Users/admin/Desktop/EMORY/Academics/Spring_2021/SOC497R/NLP2/sampleData/test/The Three Little Pigs.txt"")",me,give,,,,"The second little , pig met a man with a bundle of furze , and said : "" Please , man , give me that furze to build a house . "" "
Senna,1,8,"=hyperlink(""/Users/admin/Desktop/EMORY/Academics/Spring_2021/SOC497R/NLP2/sampleData/test/The Three Little Pigs.txt"")",me,build,house,,,"The second little , pig met a man with a bundle of furze , and said : "" Please , man , give me that furze to build a house . "" "
Open IE,1,9,"=hyperlink(""/Users/admin/Desktop/EMORY/Academics/Spring_2021/SOC497R/NLP2/sampleData/test/The Three Little Pigs.txt"")",pig,built,house,,,"Which the man did, and the pig built his house."
Senna,1,9,"=hyperlink(""/Users/admin/Desktop/EMORY/Academics/Spring_2021/SOC497R/NLP2/sampleData/test/The Three Little Pigs.txt"")",man,did,,,,"Which the man did , and the pig built his house . "
Senna,1,9,"=hyperlink(""/Users/admin/Desktop/EMORY/Academics/Spring_2021/SOC497R/NLP2/sampleData/test/The Three Little Pigs.txt"")",pig,built,house,,,"Which the man did , and the pig built his house . "
Senna,1,10,"=hyperlink(""/Users/admin/Desktop/EMORY/Academics/Spring_2021/SOC497R/NLP2/sampleData/test/The Three Little Pigs.txt"")",wolf,came,,,Then along,"Then along came the wolf , and said : "" Little pig , little pig , let me come in. "" "" "
Senna,1,10,"=hyperlink(""/Users/admin/Desktop/EMORY/Academics/Spring_2021/SOC497R/NLP2/sampleData/test/The Three Little Pigs.txt"")",me,let,,,,"Then along came the wolf , and said : "" Little pig , little pig , let me come in. "" "" "
Senna,1,10,"=hyperlink(""/Users/admin/Desktop/EMORY/Academics/Spring_2021/SOC497R/NLP2/sampleData/test/The Three Little Pigs.txt"")",me,come,,,,"Then along came the wolf , and said : "" Little pig , little pig , let me come in. "" "" "
Open IE,1,12,"=hyperlink(""/Users/admin/Desktop/EMORY/Academics/Spring_2021/SOC497R/NLP2/sampleData/test/The Three Little Pigs.txt"")",I,blow,house,,,"""Then I'll puff, and I'll huff, and I'll blow your house in."""
Senna,1,12,"=hyperlink(""/Users/admin/Desktop/EMORY/Academics/Spring_2021/SOC497R/NLP2/sampleData/test/The Three Little Pigs.txt"")",I,puff,,,,"Then I 'll puff , and I 'll huff , and I 'll blow your house in. "" "
Senna,1,12,"=hyperlink(""/Users/admin/Desktop/EMORY/Academics/Spring_2021/SOC497R/NLP2/sampleData/test/The Three Little Pigs.txt"")",I,huff,,,,"Then I 'll puff , and I 'll huff , and I 'll blow your house in. "" "
Senna,1,12,"=hyperlink(""/Users/admin/Desktop/EMORY/Academics/Spring_2021/SOC497R/NLP2/sampleData/test/The Three Little Pigs.txt"")",I,blow,house,,,"Then I 'll puff , and I 'll huff , and I 'll blow your house in. "" "
Open IE,1,13,"=hyperlink(""/Users/admin/Desktop/EMORY/Academics/Spring_2021/SOC497R/NLP2/sampleData/test/The Three Little Pigs.txt"")",he,ate,pig,,,"So he huffed, and he puffed, and he puffed, and he huffed, and at last he blew the house down, and he ate up the little pig."
Open IE,1,13,"=hyperlink(""/Users/admin/Desktop/EMORY/Academics/Spring_2021/SOC497R/NLP2/sampleData/test/The Three Little Pigs.txt"")",he,blew,house,,,"So he huffed, and he puffed, and he puffed, and he huffed, and at last he blew the house down, and he ate up the little pig."
Senna,1,13,"=hyperlink(""/Users/admin/Desktop/EMORY/Academics/Spring_2021/SOC497R/NLP2/sampleData/test/The Three Little Pigs.txt"")",he,puffed,,,,"So he huffed , and he puffed , and he puffed , and he huffed , and at last he blew the house down , and he ate up the little pig . "
Senna,1,13,"=hyperlink(""/Users/admin/Desktop/EMORY/Academics/Spring_2021/SOC497R/NLP2/sampleData/test/The Three Little Pigs.txt"")",he,puffed,,,,"So he huffed , and he puffed , and he puffed , and he huffed , and at last he blew the house down , and he ate up the little pig . "
Senna,1,13,"=hyperlink(""/Users/admin/Desktop/EMORY/Academics/Spring_2021/SOC497R/NLP2/sampleData/test/The Three Little Pigs.txt"")",he,huffed,,,,"So he huffed , and he puffed , and he puffed , and he huffed , and at last he blew the house down , and he ate up the little pig . "
Senna,1,13,"=hyperlink(""/Users/admin/Desktop/EMORY/Academics/Spring_2021/SOC497R/NLP2/sampleData/test/The Three Little Pigs.txt"")",he,blew,house,,at last,"So he huffed , and he puffed , and he puffed , and he huffed , and at last he blew the house down , and he ate up the little pig . "
Senna,1,13,"=hyperlink(""/Users/admin/Desktop/EMORY/Academics/Spring_2021/SOC497R/NLP2/sampleData/test/The Three Little Pigs.txt"")",he,ate up,pig,,,"So he huffed , and he puffed , and he puffed , and he huffed , and at last he blew the house down , and he ate up the little pig . "
Open IE,1,14,"=hyperlink(""/Users/admin/Desktop/EMORY/Academics/Spring_2021/SOC497R/NLP2/sampleData/test/The Three Little Pigs.txt"")",pig,met,man,,,"The third little pig met a man with a load of bricks, and said: ""Please, man, give me those bricks to build a house with."""
Open IE,1,14,"=hyperlink(""/Users/admin/Desktop/EMORY/Academics/Spring_2021/SOC497R/NLP2/sampleData/test/The Three Little Pigs.txt"")",pig,met,man load bricks,,,"The third little pig met a man with a load of bricks, and said: ""Please, man, give me those bricks to build a house with."""
Senna,1,14,"=hyperlink(""/Users/admin/Desktop/EMORY/Academics/Spring_2021/SOC497R/NLP2/sampleData/test/The Three Little Pigs.txt"")",pig,met,man,,,"The third little pig met a man with a load of bricks , and said : "" Please , man , give me those bricks to build a house with . "" "
Senna,1,14,"=hyperlink(""/Users/admin/Desktop/EMORY/Academics/Spring_2021/SOC497R/NLP2/sampleData/test/The Three Little Pigs.txt"")",man,said,,,,"The third little pig met a man with a load of bricks , and said : "" Please , man , give me those bricks to build a house with . "" "
Senna,1,14,"=hyperlink(""/Users/admin/Desktop/EMORY/Academics/Spring_2021/SOC497R/NLP2/sampleData/test/The Three Little Pigs.txt"")",me,give,,,,"The third little pig met a man with a load of bricks , and said : "" Please , man , give me those bricks to build a house with . "" "
Senna,1,14,"=hyperlink(""/Users/admin/Desktop/EMORY/Academics/Spring_2021/SOC497R/NLP2/sampleData/test/The Three Little Pigs.txt"")",me,build,house,,,"The third little pig met a man with a load of bricks , and said : "" Please , man , give me those bricks to build a house with . "" "
Open IE,1,15,"=hyperlink(""/Users/admin/Desktop/EMORY/Academics/Spring_2021/SOC497R/NLP2/sampleData/test/The Three Little Pigs.txt"")",he,built,house,,,"So the man gave him the bricks, and he built his house with them."
Open IE,1,15,"=hyperlink(""/Users/admin/Desktop/EMORY/Academics/Spring_2021/SOC497R/NLP2/sampleData/test/The Three Little Pigs.txt"")",man,gave,bricks,,,"So the man gave him the bricks, and he built his house with them."
Open IE,1,15,"=hyperlink(""/Users/admin/Desktop/EMORY/Academics/Spring_2021/SOC497R/NLP2/sampleData/test/The Three Little Pigs.txt"")",man,gave,him,,,"So the man gave him the bricks, and he built his house with them."
Senna,1,15,"=hyperlink(""/Users/admin/Desktop/EMORY/Academics/Spring_2021/SOC497R/NLP2/sampleData/test/The Three Little Pigs.txt"")",man,gave,him,,,"So the man gave him the bricks , and he built his house with them. "
Senna,1,15,"=hyperlink(""/Users/admin/Desktop/EMORY/Academics/Spring_2021/SOC497R/NLP2/sampleData/test/The Three Little Pigs.txt"")",he,built,house,,,"So the man gave him the bricks , and he built his house with them. "
Open IE,1,16,"=hyperlink(""/Users/admin/Desktop/EMORY/Academics/Spring_2021/SOC497R/NLP2/sampleData/test/The Three Little Pigs.txt"")",he,did,pigs,,,"So the wolf came, as he did to the other little pigs, and said: ""Little pig, little pig, let me come in."""
Senna,1,16,"=hyperlink(""/Users/admin/Desktop/EMORY/Academics/Spring_2021/SOC497R/NLP2/sampleData/test/The Three Little Pigs.txt"")",wolf,came,,,,"So the wolf came , as he did to the other little pigs , and said : "" Little pig , little pig , let me come in. "" "" "
Senna,1,16,"=hyperlink(""/Users/admin/Desktop/EMORY/Academics/Spring_2021/SOC497R/NLP2/sampleData/test/The Three Little Pigs.txt"")",he,did,pigs,,,"So the wolf came , as he did to the other little pigs , and said : "" Little pig , little pig , let me come in. "" "" "
Senna,1,16,"=hyperlink(""/Users/admin/Desktop/EMORY/Academics/Spring_2021/SOC497R/NLP2/sampleData/test/The Three Little Pigs.txt"")",he,said,,,,"So the wolf came , as he did to the other little pigs , and said : "" Little pig , little pig , let me come in. "" "" "
Senna,1,16,"=hyperlink(""/Users/admin/Desktop/EMORY/Academics/Spring_2021/SOC497R/NLP2/sampleData/test/The Three Little Pigs.txt"")",me,let,,,,"So the wolf came , as he did to the other little pigs , and said : "" Little pig , little pig , let me come in. "" "" "
Senna,1,16,"=hyperlink(""/Users/admin/Desktop/EMORY/Academics/Spring_2021/SOC497R/NLP2/sampleData/test/The Three Little Pigs.txt"")",me,come,,,,"So the wolf came , as he did to the other little pigs , and said : "" Little pig , little pig , let me come in. "" "" "
Open IE,1,18,"=hyperlink(""/Users/admin/Desktop/EMORY/Academics/Spring_2021/SOC497R/NLP2/sampleData/test/The Three Little Pigs.txt"")",I,blow,house,,,"""Then I'll huff, and I'll puff, and I'll blow your house in."""
Senna,1,18,"=hyperlink(""/Users/admin/Desktop/EMORY/Academics/Spring_2021/SOC497R/NLP2/sampleData/test/The Three Little Pigs.txt"")",I,huff,,,,"Then I 'll huff , and I 'll puff , and I 'll blow your house in. "" "
Senna,1,18,"=hyperlink(""/Users/admin/Desktop/EMORY/Academics/Spring_2021/SOC497R/NLP2/sampleData/test/The Three Little Pigs.txt"")",I,puff,,,,"Then I 'll huff , and I 'll puff , and I 'll blow your house in. "" "
Senna,1,18,"=hyperlink(""/Users/admin/Desktop/EMORY/Academics/Spring_2021/SOC497R/NLP2/sampleData/test/The Three Little Pigs.txt"")",I,blow,house,,,"Then I 'll huff , and I 'll puff , and I 'll blow your house in. "" "
Senna,1,19,"=hyperlink(""/Users/admin/Desktop/EMORY/Academics/Spring_2021/SOC497R/NLP2/sampleData/test/The Three Little Pigs.txt"")",he,huffed,,,,"Well , he huffed , and he puffed , and he huffed and he puffed , and he puffed and huffed ; but he could not get the house down . "
Senna,1,19,"=hyperlink(""/Users/admin/Desktop/EMORY/Academics/Spring_2021/SOC497R/NLP2/sampleData/test/The Three Little Pigs.txt"")",he,puffed,,,,"Well , he huffed , and he puffed , and he huffed and he puffed , and he puffed and huffed ; but he could not get the house down . "
Senna,1,19,"=hyperlink(""/Users/admin/Desktop/EMORY/Academics/Spring_2021/SOC497R/NLP2/sampleData/test/The Three Little Pigs.txt"")",he,puffed,,,,"Well , he huffed , and he puffed , and he huffed and he puffed , and he puffed and huffed ; but he could not get the house down . "
Senna,1,19,"=hyperlink(""/Users/admin/Desktop/EMORY/Academics/Spring_2021/SOC497R/NLP2/sampleData/test/The Three Little Pigs.txt"")",he,puffed,,,,"Well , he huffed , and he puffed , and he huffed and he puffed , and he puffed and huffed ; but he could not get the house down . "
Senna,1,19,"=hyperlink(""/Users/admin/Desktop/EMORY/Academics/Spring_2021/SOC497R/NLP2/sampleData/test/The Three Little Pigs.txt"")",he,get,house,,,"Well , he huffed , and he puffed , and he huffed and he puffed , and he puffed and huffed ; but he could not get the house down . "
Senna,1,20,"=hyperlink(""/Users/admin/Desktop/EMORY/Academics/Spring_2021/SOC497R/NLP2/sampleData/test/The Three Little Pigs.txt"")",he,found,he,,,"When he found that he could not , with all his huffing and puffing , blow the house down , he said : "" Little pig , I know where there is a nice field of turnips . "" "" "
Senna,1,20,"=hyperlink(""/Users/admin/Desktop/EMORY/Academics/Spring_2021/SOC497R/NLP2/sampleData/test/The Three Little Pigs.txt"")",he,blow,house,,,"When he found that he could not , with all his huffing and puffing , blow the house down , he said : "" Little pig , I know where there is a nice field of turnips . "" "" "
Senna,1,20,"=hyperlink(""/Users/admin/Desktop/EMORY/Academics/Spring_2021/SOC497R/NLP2/sampleData/test/The Three Little Pigs.txt"")",he,said,pig,,"When he found that he could not , with all his huffing and puffing , blow the house down","When he found that he could not , with all his huffing and puffing , blow the house down , he said : "" Little pig , I know where there is a nice field of turnips . "" "" "
Senna,1,20,"=hyperlink(""/Users/admin/Desktop/EMORY/Academics/Spring_2021/SOC497R/NLP2/sampleData/test/The Three Little Pigs.txt"")",I,know,field,,,"When he found that he could not , with all his huffing and puffing , blow the house down , he said : "" Little pig , I know where there is a nice field of turnips . "" "" "
Senna,1,22,"=hyperlink(""/Users/admin/Desktop/EMORY/Academics/Spring_2021/SOC497R/NLP2/sampleData/test/The Three Little Pigs.txt"")",pig,said,,,,"said the little pig . "" "
Senna,1,24,"=hyperlink(""/Users/admin/Desktop/EMORY/Academics/Spring_2021/SOC497R/NLP2/sampleData/test/The Three Little Pigs.txt"")",I,call,,,,"Smith 's Home - field , and if you will be ready to - morrow morning I will call for you , and we will go together , and get some for dinner . "" "" "
Senna,1,24,"=hyperlink(""/Users/admin/Desktop/EMORY/Academics/Spring_2021/SOC497R/NLP2/sampleData/test/The Three Little Pigs.txt"")",we,go,,,,"Smith 's Home - field , and if you will be ready to - morrow morning I will call for you , and we will go together , and get some for dinner . "" "" "
Senna,1,24,"=hyperlink(""/Users/admin/Desktop/EMORY/Academics/Spring_2021/SOC497R/NLP2/sampleData/test/The Three Little Pigs.txt"")",dinner,get,,,,"Smith 's Home - field , and if you will be ready to - morrow morning I will call for you , and we will go together , and get some for dinner . "" "" "
Senna,1,25,"=hyperlink(""/Users/admin/Desktop/EMORY/Academics/Spring_2021/SOC497R/NLP2/sampleData/test/The Three Little Pigs.txt"")",,said,pig,,,"Very well , "" said the little pig , "" I will be ready . "
Senna,1,26,"=hyperlink(""/Users/admin/Desktop/EMORY/Academics/Spring_2021/SOC497R/NLP2/sampleData/test/The Three Little Pigs.txt"")",you,mean,,,,"What time do you mean to go ? "" "" "
Senna,1,26,"=hyperlink(""/Users/admin/Desktop/EMORY/Academics/Spring_2021/SOC497R/NLP2/sampleData/test/The Three Little Pigs.txt"")",you,go,,,,"What time do you mean to go ? "" "" "
Senna,1,28,"=hyperlink(""/Users/admin/Desktop/EMORY/Academics/Spring_2021/SOC497R/NLP2/sampleData/test/The Three Little Pigs.txt"")",pig,got up,,,,"Well , the little pig got up at five , and got the turnips before the wolf came ( which he did about six O -RRB- and who said : "" Little Pig , are you ready ? "" "
Senna,1,28,"=hyperlink(""/Users/admin/Desktop/EMORY/Academics/Spring_2021/SOC497R/NLP2/sampleData/test/The Three Little Pigs.txt"")",Well,got,turnips,,before the wolf came ( which he did about six,"Well , the little pig got up at five , and got the turnips before the wolf came ( which he did about six O -RRB- and who said : "" Little Pig , are you ready ? "" "
Senna,1,28,"=hyperlink(""/Users/admin/Desktop/EMORY/Academics/Spring_2021/SOC497R/NLP2/sampleData/test/The Three Little Pigs.txt"")",wolf,came,,,,"Well , the little pig got up at five , and got the turnips before the wolf came ( which he did about six O -RRB- and who said : "" Little Pig , are you ready ? "" "
Senna,1,28,"=hyperlink(""/Users/admin/Desktop/EMORY/Academics/Spring_2021/SOC497R/NLP2/sampleData/test/The Three Little Pigs.txt"")",he,did,,,,"Well , the little pig got up at five , and got the turnips before the wolf came ( which he did about six O -RRB- and who said : "" Little Pig , are you ready ? "" "
Senna,1,28,"=hyperlink(""/Users/admin/Desktop/EMORY/Academics/Spring_2021/SOC497R/NLP2/sampleData/test/The Three Little Pigs.txt"")",who,said,,,,"Well , the little pig got up at five , and got the turnips before the wolf came ( which he did about six O -RRB- and who said : "" Little Pig , are you ready ? "" "
Open IE,1,29,"=hyperlink(""/Users/admin/Desktop/EMORY/Academics/Spring_2021/SOC497R/NLP2/sampleData/test/The Three Little Pigs.txt"")",I,got,potful,,,"I have been and come back again, and got a nice potful for dinner."""
Open IE,1,29,"=hyperlink(""/Users/admin/Desktop/EMORY/Academics/Spring_2021/SOC497R/NLP2/sampleData/test/The Three Little Pigs.txt"")",I,got,potful dinner,,,"I have been and come back again, and got a nice potful for dinner."""
Senna,1,29,"=hyperlink(""/Users/admin/Desktop/EMORY/Academics/Spring_2021/SOC497R/NLP2/sampleData/test/The Three Little Pigs.txt"")",pig,said,,,,"The little pig said : "" Ready ! "
Senna,1,30,"=hyperlink(""/Users/admin/Desktop/EMORY/Academics/Spring_2021/SOC497R/NLP2/sampleData/test/The Three Little Pigs.txt"")",I,come back,,,again,"I have been and come back again , and got a nice potful for dinner . "" "
Senna,1,30,"=hyperlink(""/Users/admin/Desktop/EMORY/Academics/Spring_2021/SOC497R/NLP2/sampleData/test/The Three Little Pigs.txt"")",I,got,potful,,,"I have been and come back again , and got a nice potful for dinner . "" "
Senna,1,31,"=hyperlink(""/Users/admin/Desktop/EMORY/Academics/Spring_2021/SOC497R/NLP2/sampleData/test/The Three Little Pigs.txt"")",wolf,felt,,,,"The wolf felt very angry at this , but thought that he would be up to the little pig somehow or other , so he said : "" Little pig , I know where there is a nice apple - tree . "" "" "
Senna,1,31,"=hyperlink(""/Users/admin/Desktop/EMORY/Academics/Spring_2021/SOC497R/NLP2/sampleData/test/The Three Little Pigs.txt"")",wolf,thought,he,,,"The wolf felt very angry at this , but thought that he would be up to the little pig somehow or other , so he said : "" Little pig , I know where there is a nice apple - tree . "" "" "
Senna,1,31,"=hyperlink(""/Users/admin/Desktop/EMORY/Academics/Spring_2021/SOC497R/NLP2/sampleData/test/The Three Little Pigs.txt"")",he,said,,,,"The wolf felt very angry at this , but thought that he would be up to the little pig somehow or other , so he said : "" Little pig , I know where there is a nice apple - tree . "" "" "
Senna,1,31,"=hyperlink(""/Users/admin/Desktop/EMORY/Academics/Spring_2021/SOC497R/NLP2/sampleData/test/The Three Little Pigs.txt"")",I,know,apple,,,"The wolf felt very angry at this , but thought that he would be up to the little pig somehow or other , so he said : "" Little pig , I know where there is a nice apple - tree . "" "" "
Senna,1,33,"=hyperlink(""/Users/admin/Desktop/EMORY/Academics/Spring_2021/SOC497R/NLP2/sampleData/test/The Three Little Pigs.txt"")",pig,said,,,,"said the pig . "" "
Open IE,1,34,"=hyperlink(""/Users/admin/Desktop/EMORY/Academics/Spring_2021/SOC497R/NLP2/sampleData/test/The Three Little Pigs.txt"")",pig,went,apples,,the next morning at four o'clock ,"Well, the little pig bustled up the next morning at four o'clock, and went off for the apples, hoping to get back before the wolf came; but he had further to go, and had to climb the tree, so that just as he was coming down from it, he saw the wolf coming, which, as you may suppose, frightened him very much."
Senna,1,34,"=hyperlink(""/Users/admin/Desktop/EMORY/Academics/Spring_2021/SOC497R/NLP2/sampleData/test/The Three Little Pigs.txt"")",wolf,replied,,,,"Down at Merry - garden , "" replied the wolf , "" and if you will not deceive me I will come for you , at five o'clock tomorrow and get some apples . "" "
Senna,1,34,"=hyperlink(""/Users/admin/Desktop/EMORY/Academics/Spring_2021/SOC497R/NLP2/sampleData/test/The Three Little Pigs.txt"")",you,deceive,me,,,"Down at Merry - garden , "" replied the wolf , "" and if you will not deceive me I will come for you , at five o'clock tomorrow and get some apples . "" "
Senna,1,34,"=hyperlink(""/Users/admin/Desktop/EMORY/Academics/Spring_2021/SOC497R/NLP2/sampleData/test/The Three Little Pigs.txt"")",I,come,,,,"Down at Merry - garden , "" replied the wolf , "" and if you will not deceive me I will come for you , at five o'clock tomorrow and get some apples . "" "
Senna,1,34,"=hyperlink(""/Users/admin/Desktop/EMORY/Academics/Spring_2021/SOC497R/NLP2/sampleData/test/The Three Little Pigs.txt"")",apples,get,,,,"Down at Merry - garden , "" replied the wolf , "" and if you will not deceive me I will come for you , at five o'clock tomorrow and get some apples . "" "
Senna,1,35,"=hyperlink(""/Users/admin/Desktop/EMORY/Academics/Spring_2021/SOC497R/NLP2/sampleData/test/The Three Little Pigs.txt"")",pig,bustled up,,,the next morning,"Well , the little pig bustled up the next morning at four o'clock , and went off for the apples , hoping to get back before the wolf came ; but he had further to go , and had to climb the tree , so that just as he was coming down from it , he saw the wolf coming , which , as you may suppose , frightened him very much . "
Senna,1,35,"=hyperlink(""/Users/admin/Desktop/EMORY/Academics/Spring_2021/SOC497R/NLP2/sampleData/test/The Three Little Pigs.txt"")",,went off,,,,"Well , the little pig bustled up the next morning at four o'clock , and went off for the apples , hoping to get back before the wolf came ; but he had further to go , and had to climb the tree , so that just as he was coming down from it , he saw the wolf coming , which , as you may suppose , frightened him very much . "
Senna,1,35,"=hyperlink(""/Users/admin/Desktop/EMORY/Academics/Spring_2021/SOC497R/NLP2/sampleData/test/The Three Little Pigs.txt"")",wolf,hoping,,,,"Well , the little pig bustled up the next morning at four o'clock , and went off for the apples , hoping to get back before the wolf came ; but he had further to go , and had to climb the tree , so that just as he was coming down from it , he saw the wolf coming , which , as you may suppose , frightened him very much . "
Senna,1,35,"=hyperlink(""/Users/admin/Desktop/EMORY/Academics/Spring_2021/SOC497R/NLP2/sampleData/test/The Three Little Pigs.txt"")",wolf,came,,,,"Well , the little pig bustled up the next morning at four o'clock , and went off for the apples , hoping to get back before the wolf came ; but he had further to go , and had to climb the tree , so that just as he was coming down from it , he saw the wolf coming , which , as you may suppose , frightened him very much . "
Senna,1,35,"=hyperlink(""/Users/admin/Desktop/EMORY/Academics/Spring_2021/SOC497R/NLP2/sampleData/test/The Three Little Pigs.txt"")",he,had,,,,"Well , the little pig bustled up the next morning at four o'clock , and went off for the apples , hoping to get back before the wolf came ; but he had further to go , and had to climb the tree , so that just as he was coming down from it , he saw the wolf coming , which , as you may suppose , frightened him very much . "
Senna,1,35,"=hyperlink(""/Users/admin/Desktop/EMORY/Academics/Spring_2021/SOC497R/NLP2/sampleData/test/The Three Little Pigs.txt"")",he,go,,,,"Well , the little pig bustled up the next morning at four o'clock , and went off for the apples , hoping to get back before the wolf came ; but he had further to go , and had to climb the tree , so that just as he was coming down from it , he saw the wolf coming , which , as you may suppose , frightened him very much . "
Senna,1,35,"=hyperlink(""/Users/admin/Desktop/EMORY/Academics/Spring_2021/SOC497R/NLP2/sampleData/test/The Three Little Pigs.txt"")",he,climb,tree,,,"Well , the little pig bustled up the next morning at four o'clock , and went off for the apples , hoping to get back before the wolf came ; but he had further to go , and had to climb the tree , so that just as he was coming down from it , he saw the wolf coming , which , as you may suppose , frightened him very much . "
Senna,1,35,"=hyperlink(""/Users/admin/Desktop/EMORY/Academics/Spring_2021/SOC497R/NLP2/sampleData/test/The Three Little Pigs.txt"")",he,coming,,,,"Well , the little pig bustled up the next morning at four o'clock , and went off for the apples , hoping to get back before the wolf came ; but he had further to go , and had to climb the tree , so that just as he was coming down from it , he saw the wolf coming , which , as you may suppose , frightened him very much . "
Senna,1,35,"=hyperlink(""/Users/admin/Desktop/EMORY/Academics/Spring_2021/SOC497R/NLP2/sampleData/test/The Three Little Pigs.txt"")",he,saw,wolf,,,"Well , the little pig bustled up the next morning at four o'clock , and went off for the apples , hoping to get back before the wolf came ; but he had further to go , and had to climb the tree , so that just as he was coming down from it , he saw the wolf coming , which , as you may suppose , frightened him very much . "
Senna,1,35,"=hyperlink(""/Users/admin/Desktop/EMORY/Academics/Spring_2021/SOC497R/NLP2/sampleData/test/The Three Little Pigs.txt"")",wolf,coming,,,,"Well , the little pig bustled up the next morning at four o'clock , and went off for the apples , hoping to get back before the wolf came ; but he had further to go , and had to climb the tree , so that just as he was coming down from it , he saw the wolf coming , which , as you may suppose , frightened him very much . "
Senna,1,35,"=hyperlink(""/Users/admin/Desktop/EMORY/Academics/Spring_2021/SOC497R/NLP2/sampleData/test/The Three Little Pigs.txt"")",you,suppose,,,,"Well , the little pig bustled up the next morning at four o'clock , and went off for the apples , hoping to get back before the wolf came ; but he had further to go , and had to climb the tree , so that just as he was coming down from it , he saw the wolf coming , which , as you may suppose , frightened him very much . "
Senna,1,35,"=hyperlink(""/Users/admin/Desktop/EMORY/Academics/Spring_2021/SOC497R/NLP2/sampleData/test/The Three Little Pigs.txt"")",him,frightened,,,,"Well , the little pig bustled up the next morning at four o'clock , and went off for the apples , hoping to get back before the wolf came ; but he had further to go , and had to climb the tree , so that just as he was coming down from it , he saw the wolf coming , which , as you may suppose , frightened him very much . "
Senna,1,36,"=hyperlink(""/Users/admin/Desktop/EMORY/Academics/Spring_2021/SOC497R/NLP2/sampleData/test/The Three Little Pigs.txt"")",wolf,came up,,,When,"When the wolf came up he said : "" Little pig , what are you here before me ? "
Senna,1,36,"=hyperlink(""/Users/admin/Desktop/EMORY/Academics/Spring_2021/SOC497R/NLP2/sampleData/test/The Three Little Pigs.txt"")",he,said,,,,"When the wolf came up he said : "" Little pig , what are you here before me ? "
Open IE,1,38,"=hyperlink(""/Users/admin/Desktop/EMORY/Academics/Spring_2021/SOC497R/NLP2/sampleData/test/The Three Little Pigs.txt"")",I,throw,you,,,"""I will throw you down one."""
Senna,1,38,"=hyperlink(""/Users/admin/Desktop/EMORY/Academics/Spring_2021/SOC497R/NLP2/sampleData/test/The Three Little Pigs.txt"")",,said,pig,,,"Yes , very , "" said the little pig . "" "
Open IE,1,39,"=hyperlink(""/Users/admin/Desktop/EMORY/Academics/Spring_2021/SOC497R/NLP2/sampleData/test/The Three Little Pigs.txt"")",he,threw,it,,,"And he threw it so far, that, while the wolf was gone to pick it up, the little pig jumped down and ran home."
Open IE,1,39,"=hyperlink(""/Users/admin/Desktop/EMORY/Academics/Spring_2021/SOC497R/NLP2/sampleData/test/The Three Little Pigs.txt"")",pig,ran,home,,,"And he threw it so far, that, while the wolf was gone to pick it up, the little pig jumped down and ran home."
Senna,1,39,"=hyperlink(""/Users/admin/Desktop/EMORY/Academics/Spring_2021/SOC497R/NLP2/sampleData/test/The Three Little Pigs.txt"")",I,throw,you,,,"I will throw you down one. "" "
Senna,1,40,"=hyperlink(""/Users/admin/Desktop/EMORY/Academics/Spring_2021/SOC497R/NLP2/sampleData/test/The Three Little Pigs.txt"")",he,threw,it,,"while the wolf was gone to pick it up , the little pig jumped down and ran home .","And he threw it so far , that , while the wolf was gone to pick it up , the little pig jumped down and ran home . "
Senna,1,40,"=hyperlink(""/Users/admin/Desktop/EMORY/Academics/Spring_2021/SOC497R/NLP2/sampleData/test/The Three Little Pigs.txt"")",wolf,gone,,,,"And he threw it so far , that , while the wolf was gone to pick it up , the little pig jumped down and ran home . "
Senna,1,40,"=hyperlink(""/Users/admin/Desktop/EMORY/Academics/Spring_2021/SOC497R/NLP2/sampleData/test/The Three Little Pigs.txt"")",wolf,pick,it,,,"And he threw it so far , that , while the wolf was gone to pick it up , the little pig jumped down and ran home . "
Senna,1,40,"=hyperlink(""/Users/admin/Desktop/EMORY/Academics/Spring_2021/SOC497R/NLP2/sampleData/test/The Three Little Pigs.txt"")",pig,jumped,,,,"And he threw it so far , that , while the wolf was gone to pick it up , the little pig jumped down and ran home . "
Senna,1,40,"=hyperlink(""/Users/admin/Desktop/EMORY/Academics/Spring_2021/SOC497R/NLP2/sampleData/test/The Three Little Pigs.txt"")",pig,ran,,home,,"And he threw it so far , that , while the wolf was gone to pick it up , the little pig jumped down and ran home . "
Senna,1,41,"=hyperlink(""/Users/admin/Desktop/EMORY/Academics/Spring_2021/SOC497R/NLP2/sampleData/test/The Three Little Pigs.txt"")",wolf,came,,,The next day again,"The next day the wolf came again , and said to the little pig : "" Little pig , there is a fair at Shanklin this afternoon , will you go ? "" "" "
Senna,1,41,"=hyperlink(""/Users/admin/Desktop/EMORY/Academics/Spring_2021/SOC497R/NLP2/sampleData/test/The Three Little Pigs.txt"")",you,go,,,,"The next day the wolf came again , and said to the little pig : "" Little pig , there is a fair at Shanklin this afternoon , will you go ? "" "" "
Senna,1,42,"=hyperlink(""/Users/admin/Desktop/EMORY/Academics/Spring_2021/SOC497R/NLP2/sampleData/test/The Three Little Pigs.txt"")",pig,said,,,,"Oh yes , "" said the pig , "" I will go ; what time shall you be ready ? "" "" "
Senna,1,42,"=hyperlink(""/Users/admin/Desktop/EMORY/Academics/Spring_2021/SOC497R/NLP2/sampleData/test/The Three Little Pigs.txt"")",pig,go,,,,"Oh yes , "" said the pig , "" I will go ; what time shall you be ready ? "" "" "
Open IE,1,43,"=hyperlink(""/Users/admin/Desktop/EMORY/Academics/Spring_2021/SOC497R/NLP2/sampleData/test/The Three Little Pigs.txt"")",pig,bought,butter-churn,,,"So the little pig went off before the time as usual, and got to the fair, and bought a butter-churn, which he was going home with, when he saw the wolf coming."
Open IE,1,43,"=hyperlink(""/Users/admin/Desktop/EMORY/Academics/Spring_2021/SOC497R/NLP2/sampleData/test/The Three Little Pigs.txt"")",pig,went,time,,,"So the little pig went off before the time as usual, and got to the fair, and bought a butter-churn, which he was going home with, when he saw the wolf coming."
Senna,1,43,"=hyperlink(""/Users/admin/Desktop/EMORY/Academics/Spring_2021/SOC497R/NLP2/sampleData/test/The Three Little Pigs.txt"")",,said,wolf,,,"At three , "" said the wolf . "
Senna,1,44,"=hyperlink(""/Users/admin/Desktop/EMORY/Academics/Spring_2021/SOC497R/NLP2/sampleData/test/The Three Little Pigs.txt"")",pig,went off,,,before the time as usual,"So the little pig went off before the time as usual , and got to the fair , and bought a butter - churn , which he was going home with , when he saw the wolf coming . "
Senna,1,44,"=hyperlink(""/Users/admin/Desktop/EMORY/Academics/Spring_2021/SOC497R/NLP2/sampleData/test/The Three Little Pigs.txt"")",pig,got,fair,,when he saw the wolf coming .,"So the little pig went off before the time as usual , and got to the fair , and bought a butter - churn , which he was going home with , when he saw the wolf coming . "
Senna,1,44,"=hyperlink(""/Users/admin/Desktop/EMORY/Academics/Spring_2021/SOC497R/NLP2/sampleData/test/The Three Little Pigs.txt"")",pig,bought,butter,,when he saw the wolf coming .,"So the little pig went off before the time as usual , and got to the fair , and bought a butter - churn , which he was going home with , when he saw the wolf coming . "
Senna,1,44,"=hyperlink(""/Users/admin/Desktop/EMORY/Academics/Spring_2021/SOC497R/NLP2/sampleData/test/The Three Little Pigs.txt"")",butter,going,home,,"with , when he saw the wolf coming .","So the little pig went off before the time as usual , and got to the fair , and bought a butter - churn , which he was going home with , when he saw the wolf coming . "
Senna,1,44,"=hyperlink(""/Users/admin/Desktop/EMORY/Academics/Spring_2021/SOC497R/NLP2/sampleData/test/The Three Little Pigs.txt"")",he,saw,wolf,,,"So the little pig went off before the time as usual , and got to the fair , and bought a butter - churn , which he was going home with , when he saw the wolf coming . "
Senna,1,44,"=hyperlink(""/Users/admin/Desktop/EMORY/Academics/Spring_2021/SOC497R/NLP2/sampleData/test/The Three Little Pigs.txt"")",wolf,coming,,,,"So the little pig went off before the time as usual , and got to the fair , and bought a butter - churn , which he was going home with , when he saw the wolf coming . "
Open IE,1,45,"=hyperlink(""/Users/admin/Desktop/EMORY/Academics/Spring_2021/SOC497R/NLP2/sampleData/test/The Three Little Pigs.txt"")",he,ran,home,,,"So he got into the churn to hide, and by so doing turned it round, and it rolled down the hill with the pig in it, which frightened the wolf so much, that he ran home without going to the fair."
Senna,1,45,"=hyperlink(""/Users/admin/Desktop/EMORY/Academics/Spring_2021/SOC497R/NLP2/sampleData/test/The Three Little Pigs.txt"")",he,tell,what,,Then,Then he could not tell what to do . 
Senna,1,45,"=hyperlink(""/Users/admin/Desktop/EMORY/Academics/Spring_2021/SOC497R/NLP2/sampleData/test/The Three Little Pigs.txt"")",what,do,,,,Then he could not tell what to do . 
Open IE,1,46,"=hyperlink(""/Users/admin/Desktop/EMORY/Academics/Spring_2021/SOC497R/NLP2/sampleData/test/The Three Little Pigs.txt"")",He,told,him,,past ,"He went to the little pig's house, and told him how frightened he had been by a great round thing which came down the hill past him."
Open IE,1,46,"=hyperlink(""/Users/admin/Desktop/EMORY/Academics/Spring_2021/SOC497R/NLP2/sampleData/test/The Three Little Pigs.txt"")",He,went,pig house,,past ,"He went to the little pig's house, and told him how frightened he had been by a great round thing which came down the hill past him."
Senna,1,46,"=hyperlink(""/Users/admin/Desktop/EMORY/Academics/Spring_2021/SOC497R/NLP2/sampleData/test/The Three Little Pigs.txt"")",he,got,churn,,,"So he got into the churn to hide , and by so doing turned it round , and it rolled down the hill with the pig in it , which frightened the wolf so much , that he ran home without going to the fair . "
Senna,1,46,"=hyperlink(""/Users/admin/Desktop/EMORY/Academics/Spring_2021/SOC497R/NLP2/sampleData/test/The Three Little Pigs.txt"")",he,hide,,,,"So he got into the churn to hide , and by so doing turned it round , and it rolled down the hill with the pig in it , which frightened the wolf so much , that he ran home without going to the fair . "
Senna,1,46,"=hyperlink(""/Users/admin/Desktop/EMORY/Academics/Spring_2021/SOC497R/NLP2/sampleData/test/The Three Little Pigs.txt"")",it round,turned,,,,"So he got into the churn to hide , and by so doing turned it round , and it rolled down the hill with the pig in it , which frightened the wolf so much , that he ran home without going to the fair . "
Senna,1,46,"=hyperlink(""/Users/admin/Desktop/EMORY/Academics/Spring_2021/SOC497R/NLP2/sampleData/test/The Three Little Pigs.txt"")",,rolled down,,,"So he got into the churn to hide , and by so doing turned it round the hill with the pig in it , which frightened the wolf so much , that he ran home without going to the fair .","So he got into the churn to hide , and by so doing turned it round , and it rolled down the hill with the pig in it , which frightened the wolf so much , that he ran home without going to the fair . "
Senna,1,46,"=hyperlink(""/Users/admin/Desktop/EMORY/Academics/Spring_2021/SOC497R/NLP2/sampleData/test/The Three Little Pigs.txt"")",,frightened,wolf,,so much,"So he got into the churn to hide , and by so doing turned it round , and it rolled down the hill with the pig in it , which frightened the wolf so much , that he ran home without going to the fair . "
Senna,1,46,"=hyperlink(""/Users/admin/Desktop/EMORY/Academics/Spring_2021/SOC497R/NLP2/sampleData/test/The Three Little Pigs.txt"")",he,ran,,home,without going to the fair .,"So he got into the churn to hide , and by so doing turned it round , and it rolled down the hill with the pig in it , which frightened the wolf so much , that he ran home without going to the fair . "
Senna,1,46,"=hyperlink(""/Users/admin/Desktop/EMORY/Academics/Spring_2021/SOC497R/NLP2/sampleData/test/The Three Little Pigs.txt"")",he,going,fair,,,"So he got into the churn to hide , and by so doing turned it round , and it rolled down the hill with the pig in it , which frightened the wolf so much , that he ran home without going to the fair . "
Senna,1,47,"=hyperlink(""/Users/admin/Desktop/EMORY/Academics/Spring_2021/SOC497R/NLP2/sampleData/test/The Three Little Pigs.txt"")",He,went,pig,,,"He went to the little pig 's house , and told him how frightened he had been by a great round thing which came down the hill past him. "
Senna,1,47,"=hyperlink(""/Users/admin/Desktop/EMORY/Academics/Spring_2021/SOC497R/NLP2/sampleData/test/The Three Little Pigs.txt"")",He,told,him,,,"He went to the little pig 's house , and told him how frightened he had been by a great round thing which came down the hill past him. "
Senna,1,47,"=hyperlink(""/Users/admin/Desktop/EMORY/Academics/Spring_2021/SOC497R/NLP2/sampleData/test/The Three Little Pigs.txt"")",round thing,came,hill,,past him.,"He went to the little pig 's house , and told him how frightened he had been by a great round thing which came down the hill past him. "
Open IE,1,48,"=hyperlink(""/Users/admin/Desktop/EMORY/Academics/Spring_2021/SOC497R/NLP2/sampleData/test/The Three Little Pigs.txt"")",I,bought,butter-churn,,,"I had been to the fair and bought a butter-churn, and when I saw you, I got into it, and rolled down the hill."""
Open IE,1,48,"=hyperlink(""/Users/admin/Desktop/EMORY/Academics/Spring_2021/SOC497R/NLP2/sampleData/test/The Three Little Pigs.txt"")",I,got,it,,,"I had been to the fair and bought a butter-churn, and when I saw you, I got into it, and rolled down the hill."""
Open IE,1,48,"=hyperlink(""/Users/admin/Desktop/EMORY/Academics/Spring_2021/SOC497R/NLP2/sampleData/test/The Three Little Pigs.txt"")",I,rolled,hill,,,"I had been to the fair and bought a butter-churn, and when I saw you, I got into it, and rolled down the hill."""
Open IE,1,48,"=hyperlink(""/Users/admin/Desktop/EMORY/Academics/Spring_2021/SOC497R/NLP2/sampleData/test/The Three Little Pigs.txt"")",I,saw,you,,,"I had been to the fair and bought a butter-churn, and when I saw you, I got into it, and rolled down the hill."""
Senna,1,48,"=hyperlink(""/Users/admin/Desktop/EMORY/Academics/Spring_2021/SOC497R/NLP2/sampleData/test/The Three Little Pigs.txt"")",pig,said,,,Then,"Then the little pig said : "" Hah , I frightened you , then . "
Senna,1,48,"=hyperlink(""/Users/admin/Desktop/EMORY/Academics/Spring_2021/SOC497R/NLP2/sampleData/test/The Three Little Pigs.txt"")",I,frightened,you,,"Then the little pig said : "" Hah","Then the little pig said : "" Hah , I frightened you , then . "
Open IE,1,49,"=hyperlink(""/Users/admin/Desktop/EMORY/Academics/Spring_2021/SOC497R/NLP2/sampleData/test/The Three Little Pigs.txt"")",he,eat,pig,,,"Then the wolf was very angry indeed, and declared he would eat up the little pig, and that he would get down the chimney after him."
Open IE,1,49,"=hyperlink(""/Users/admin/Desktop/EMORY/Academics/Spring_2021/SOC497R/NLP2/sampleData/test/The Three Little Pigs.txt"")",he,get,chimney,,,"Then the wolf was very angry indeed, and declared he would eat up the little pig, and that he would get down the chimney after him."
Open IE,1,49,"=hyperlink(""/Users/admin/Desktop/EMORY/Academics/Spring_2021/SOC497R/NLP2/sampleData/test/The Three Little Pigs.txt"")",he,get,him,,,"Then the wolf was very angry indeed, and declared he would eat up the little pig, and that he would get down the chimney after him."
Senna,1,49,"=hyperlink(""/Users/admin/Desktop/EMORY/Academics/Spring_2021/SOC497R/NLP2/sampleData/test/The Three Little Pigs.txt"")",I,bought,butter,,,"I had been to the fair and bought a butter - churn , and when I saw you , I got into it , and rolled down the hill . "" "
Senna,1,49,"=hyperlink(""/Users/admin/Desktop/EMORY/Academics/Spring_2021/SOC497R/NLP2/sampleData/test/The Three Little Pigs.txt"")",I,saw,you,,when,"I had been to the fair and bought a butter - churn , and when I saw you , I got into it , and rolled down the hill . "" "
Senna,1,49,"=hyperlink(""/Users/admin/Desktop/EMORY/Academics/Spring_2021/SOC497R/NLP2/sampleData/test/The Three Little Pigs.txt"")",I,got,it,,I had been to the,"I had been to the fair and bought a butter - churn , and when I saw you , I got into it , and rolled down the hill . "" "
Senna,1,49,"=hyperlink(""/Users/admin/Desktop/EMORY/Academics/Spring_2021/SOC497R/NLP2/sampleData/test/The Three Little Pigs.txt"")",I,rolled down,hill,,,"I had been to the fair and bought a butter - churn , and when I saw you , I got into it , and rolled down the hill . "" "
Open IE,1,50,"=hyperlink(""/Users/admin/Desktop/EMORY/Academics/Spring_2021/SOC497R/NLP2/sampleData/test/The Three Little Pigs.txt"")",he,made,fire,,supper ,"When the little pig saw what he was about, he hung on the pot full of water, and made up a blazing fire, and, just as the wolf was coming down, took off the cover, and in fell the wolf; so the little pig put on the cover again in an instant, boiled him up, and ate him for supper, and lived happy ever afterwards."
Open IE,1,50,"=hyperlink(""/Users/admin/Desktop/EMORY/Academics/Spring_2021/SOC497R/NLP2/sampleData/test/The Three Little Pigs.txt"")",pig,ate,him,,supper ,"When the little pig saw what he was about, he hung on the pot full of water, and made up a blazing fire, and, just as the wolf was coming down, took off the cover, and in fell the wolf; so the little pig put on the cover again in an instant, boiled him up, and ate him for supper, and lived happy ever afterwards."
Open IE,1,50,"=hyperlink(""/Users/admin/Desktop/EMORY/Academics/Spring_2021/SOC497R/NLP2/sampleData/test/The Three Little Pigs.txt"")",pig,boiled,him,,supper ,"When the little pig saw what he was about, he hung on the pot full of water, and made up a blazing fire, and, just as the wolf was coming down, took off the cover, and in fell the wolf; so the little pig put on the cover again in an instant, boiled him up, and ate him for supper, and lived happy ever afterwards."
Open IE,1,50,"=hyperlink(""/Users/admin/Desktop/EMORY/Academics/Spring_2021/SOC497R/NLP2/sampleData/test/The Three Little Pigs.txt"")",pig,put,cover,,supper ,"When the little pig saw what he was about, he hung on the pot full of water, and made up a blazing fire, and, just as the wolf was coming down, took off the cover, and in fell the wolf; so the little pig put on the cover again in an instant, boiled him up, and ate him for supper, and lived happy ever afterwards."
Open IE,1,50,"=hyperlink(""/Users/admin/Desktop/EMORY/Academics/Spring_2021/SOC497R/NLP2/sampleData/test/The Three Little Pigs.txt"")",pig,put,instant,,supper ,"When the little pig saw what he was about, he hung on the pot full of water, and made up a blazing fire, and, just as the wolf was coming down, took off the cover, and in fell the wolf; so the little pig put on the cover again in an instant, boiled him up, and ate him for supper, and lived happy ever afterwards."
Senna,1,50,"=hyperlink(""/Users/admin/Desktop/EMORY/Academics/Spring_2021/SOC497R/NLP2/sampleData/test/The Three Little Pigs.txt"")",wolf,declared,he,,,"Then the wolf was very angry indeed , and declared he would eat up the little pig , and that he would get down the chimney after him. "
Senna,1,50,"=hyperlink(""/Users/admin/Desktop/EMORY/Academics/Spring_2021/SOC497R/NLP2/sampleData/test/The Three Little Pigs.txt"")",he,eat up,pig,,,"Then the wolf was very angry indeed , and declared he would eat up the little pig , and that he would get down the chimney after him. "
Senna,1,50,"=hyperlink(""/Users/admin/Desktop/EMORY/Academics/Spring_2021/SOC497R/NLP2/sampleData/test/The Three Little Pigs.txt"")",he,get,chimney,,after him.,"Then the wolf was very angry indeed , and declared he would eat up the little pig , and that he would get down the chimney after him. "
Senna,1,51,"=hyperlink(""/Users/admin/Desktop/EMORY/Academics/Spring_2021/SOC497R/NLP2/sampleData/test/The Three Little Pigs.txt"")",pig,saw,what he,,,"When the little pig saw what he was about , he hung on the pot full of water , and made up a blazing fire , and , just as the wolf was coming down , took off the cover , and in fell the wolf ; so the little pig put on the cover again in an instant , boiled him up , and ate him for supper , and lived happy ever afterwards . "
Senna,1,51,"=hyperlink(""/Users/admin/Desktop/EMORY/Academics/Spring_2021/SOC497R/NLP2/sampleData/test/The Three Little Pigs.txt"")",he,hung,pot,,,"When the little pig saw what he was about , he hung on the pot full of water , and made up a blazing fire , and , just as the wolf was coming down , took off the cover , and in fell the wolf ; so the little pig put on the cover again in an instant , boiled him up , and ate him for supper , and lived happy ever afterwards . "
Senna,1,51,"=hyperlink(""/Users/admin/Desktop/EMORY/Academics/Spring_2021/SOC497R/NLP2/sampleData/test/The Three Little Pigs.txt"")",he,made up,fire,,,"When the little pig saw what he was about , he hung on the pot full of water , and made up a blazing fire , and , just as the wolf was coming down , took off the cover , and in fell the wolf ; so the little pig put on the cover again in an instant , boiled him up , and ate him for supper , and lived happy ever afterwards . "
Senna,1,51,"=hyperlink(""/Users/admin/Desktop/EMORY/Academics/Spring_2021/SOC497R/NLP2/sampleData/test/The Three Little Pigs.txt"")",fire,blazing,,,,"When the little pig saw what he was about , he hung on the pot full of water , and made up a blazing fire , and , just as the wolf was coming down , took off the cover , and in fell the wolf ; so the little pig put on the cover again in an instant , boiled him up , and ate him for supper , and lived happy ever afterwards . "
Senna,1,51,"=hyperlink(""/Users/admin/Desktop/EMORY/Academics/Spring_2021/SOC497R/NLP2/sampleData/test/The Three Little Pigs.txt"")",wolf,coming,,,,"When the little pig saw what he was about , he hung on the pot full of water , and made up a blazing fire , and , just as the wolf was coming down , took off the cover , and in fell the wolf ; so the little pig put on the cover again in an instant , boiled him up , and ate him for supper , and lived happy ever afterwards . "
Senna,1,51,"=hyperlink(""/Users/admin/Desktop/EMORY/Academics/Spring_2021/SOC497R/NLP2/sampleData/test/The Three Little Pigs.txt"")",cover,took off,,,,"When the little pig saw what he was about , he hung on the pot full of water , and made up a blazing fire , and , just as the wolf was coming down , took off the cover , and in fell the wolf ; so the little pig put on the cover again in an instant , boiled him up , and ate him for supper , and lived happy ever afterwards . "
Senna,1,51,"=hyperlink(""/Users/admin/Desktop/EMORY/Academics/Spring_2021/SOC497R/NLP2/sampleData/test/The Three Little Pigs.txt"")",wolf,fell,,,,"When the little pig saw what he was about , he hung on the pot full of water , and made up a blazing fire , and , just as the wolf was coming down , took off the cover , and in fell the wolf ; so the little pig put on the cover again in an instant , boiled him up , and ate him for supper , and lived happy ever afterwards . "
Senna,1,51,"=hyperlink(""/Users/admin/Desktop/EMORY/Academics/Spring_2021/SOC497R/NLP2/sampleData/test/The Three Little Pigs.txt"")",pig,put,cover,in an instant,again,"When the little pig saw what he was about , he hung on the pot full of water , and made up a blazing fire , and , just as the wolf was coming down , took off the cover , and in fell the wolf ; so the little pig put on the cover again in an instant , boiled him up , and ate him for supper , and lived happy ever afterwards . "
Senna,1,51,"=hyperlink(""/Users/admin/Desktop/EMORY/Academics/Spring_2021/SOC497R/NLP2/sampleData/test/The Three Little Pigs.txt"")",him,boiled,,,,"When the little pig saw what he was about , he hung on the pot full of water , and made up a blazing fire , and , just as the wolf was coming down , took off the cover , and in fell the wolf ; so the little pig put on the cover again in an instant , boiled him up , and ate him for supper , and lived happy ever afterwards . "
Senna,1,51,"=hyperlink(""/Users/admin/Desktop/EMORY/Academics/Spring_2021/SOC497R/NLP2/sampleData/test/The Three Little Pigs.txt"")",pig,ate,him,,,"When the little pig saw what he was about , he hung on the pot full of water , and made up a blazing fire , and , just as the wolf was coming down , took off the cover , and in fell the wolf ; so the little pig put on the cover again in an instant , boiled him up , and ate him for supper , and lived happy ever afterwards . "
Senna,1,51,"=hyperlink(""/Users/admin/Desktop/EMORY/Academics/Spring_2021/SOC497R/NLP2/sampleData/test/The Three Little Pigs.txt"")",,lived,,,ever afterwards,"When the little pig saw what he was about , he hung on the pot full of water , and made up a blazing fire , and , just as the wolf was coming down , took off the cover , and in fell the wolf ; so the little pig put on the cover again in an instant , boiled him up , and ate him for supper , and lived happy ever afterwards . "
